,c,opt str,result
0,1e-05,-t 0 -v 10 -c 1e-05 ,79.32000000000001
1,0.01,-t 0 -v 10 -c 0.01 ,97.06
2,1.0,-t 0 -v 10 -c 1 ,96.24000000000001
3,100.0,-t 0 -v 10 -c 100 ,96.32
4,100000.0,-t 0 -v 10 -c 100000 ,96.28
