,c,g,opt str,result
0,0.01,0.01,-t 2 -v 10 -c 0.01 -g 0.01 ,92.74
1,0.01,0.0033333333333333335,-t 2 -v 10 -c 0.01 -g 0.0033333333333333335 ,87.12
2,0.01,0.0012755102040816326,-t 2 -v 10 -c 0.01 -g 0.0012755102040816326 ,81.14
3,1.0,0.01,-t 2 -v 10 -c 1 -g 0.01 ,97.8
4,1.0,0.0033333333333333335,-t 2 -v 10 -c 1 -g 0.0033333333333333335 ,97.3
5,1.0,0.0012755102040816326,-t 2 -v 10 -c 1 -g 0.0012755102040816326 ,96.41999999999999
6,100.0,0.01,-t 2 -v 10 -c 100 -g 0.01 ,98.38
7,100.0,0.0033333333333333335,-t 2 -v 10 -c 100 -g 0.0033333333333333335 ,97.86
8,100.0,0.0012755102040816326,-t 2 -v 10 -c 100 -g 0.0012755102040816326 ,97.56
